{"0": [[1.0, 0.0, 0.0, 0.10731392353773117], [0.0, 1.0, 0.0, 0.33449795842170715], [0.0, 0.0, 1.0, -0.22817973792552948], [0.0, 0.0, 0.0, 1.0]], "1": [[1.0, 0.0, 0.0, 0.14439961314201355], [0.0, 1.0, 0.0, 0.2781796157360077], [0.0, 0.0, 1.0, -0.07752730697393417], [0.0, 0.0, 0.0, 1.0]], "2": [[1.0, 0.0, 0.0, 0.018641531467437744], [0.0, 1.0, 0.0, 0.33870378136634827], [0.0, 0.0, 1.0, -0.18019236624240875], [0.0, 0.0, 0.0, 1.0]], "3": [[1.0, 0.0, 0.0, 0.04320128262042999], [0.0, 1.0, 0.0, 0.3176431953907013], [0.0, 0.0, 1.0, -0.14010386168956757], [0.0, 0.0, 0.0, 1.0]]}